model,precision,batch_size,global_rmse,global_maxe,cell_01_rmse,cell_02_rmse,cell_03_rmse,cell_04_rmse,cell_05_rmse,cell_06_rmse,cell_07_rmse,cell_08_rmse,cell_09_rmse,cell_10_rmse,cell_11_rmse,cell_12_rmse,cell_13_rmse,p95_latency_ms,mean_latency_ms,throughput_cells_per_sec,norm_latency_ms_per_cell,mean_power_mw_total,mean_power_mw_gpu,energy_per_inference_mj
CNN-GRU,fp16,1,0.008855,0.045798,0.008022,0.006178,0.006286,0.00714,0.007726,0.007896,0.008011,0.013804,0.013113,0.006982,0.005118,0.0111,0.008913,4.4345,4.4117,226.6675,4.4117,,,
CNN-GRU,fp32,1,0.00889,0.045832,0.008112,0.006274,0.006363,0.007194,0.007833,0.007934,0.008008,0.013725,0.013089,0.007074,0.005184,0.011127,0.009007,4.696,4.6792,213.7135,4.6792,,,
CNN-GRU,int8,1,0.008855,0.045798,0.008022,0.006178,0.006286,0.00714,0.007726,0.007896,0.008011,0.013804,0.013113,0.006982,0.005118,0.0111,0.008913,4.7026,4.6759,213.8643,4.6759,,,
CNN-GRU,fp16,32,0.008877,0.045144,0.008261,0.006267,0.006346,0.007172,0.00791,0.008035,0.00767,0.013853,0.012826,0.00709,0.00522,0.011151,0.008999,5.5505,5.5263,5790.5162,0.1727,,,
CNN-GRU,fp32,32,0.00889,0.045785,0.008116,0.006244,0.006361,0.007199,0.007807,0.00794,0.008003,0.013787,0.013084,0.007061,0.005176,0.011118,0.008986,7.5195,7.255,4410.7645,0.2267,,,
CNN-GRU,int8,32,0.008877,0.045144,0.008261,0.006267,0.006346,0.007172,0.00791,0.008035,0.00767,0.013853,0.012826,0.00709,0.00522,0.011151,0.008999,5.5058,5.4799,5839.5213,0.1712,,,
CNN-LSTM,fp16,1,0.009367,0.038578,0.007489,0.006829,0.005995,0.007334,0.008375,0.010912,0.011379,0.008992,0.015034,0.008252,0.006179,0.011176,0.009563,4.5049,4.4724,223.5956,4.4724,,,
CNN-LSTM,fp32,1,0.009311,0.038376,0.007416,0.006778,0.005904,0.00737,0.008405,0.010806,0.011305,0.008901,0.014964,0.008135,0.00616,0.011111,0.009535,4.7215,4.679,213.719,4.679,,,
CNN-LSTM,int8,1,0.009367,0.038578,0.007489,0.006829,0.005995,0.007334,0.008375,0.010912,0.011379,0.008992,0.015034,0.008252,0.006179,0.011176,0.009563,4.4883,4.458,224.3133,4.458,,,
CNN-LSTM,fp16,32,0.009367,0.038515,0.007442,0.006815,0.006079,0.007322,0.008322,0.010984,0.011343,0.008964,0.015126,0.008197,0.006218,0.011188,0.009458,6.0025,5.7578,5557.679,0.1799,,,
CNN-LSTM,fp32,32,0.009316,0.038399,0.007422,0.006787,0.005905,0.007374,0.008415,0.010813,0.011312,0.008899,0.014968,0.00814,0.006165,0.011113,0.009543,6.6226,6.3836,5012.8613,0.1995,,,
CNN-LSTM,int8,32,0.009367,0.038515,0.007442,0.006815,0.006079,0.007322,0.008322,0.010984,0.011343,0.008964,0.015126,0.008197,0.006218,0.011188,0.009458,5.7551,5.7443,5570.7547,0.1795,,,
GRU,fp16,1,0.000715,0.004414,0.000702,0.000616,0.000653,0.000818,0.000641,0.000798,0.000626,0.000417,0.001027,0.000478,0.000684,0.000865,0.000754,4.5708,4.5482,219.8669,4.5482,,,
GRU,fp32,1,0.000718,0.004397,0.000707,0.00062,0.000655,0.000824,0.000645,0.000802,0.00063,0.00043,0.001023,0.000478,0.000687,0.00087,0.000748,4.6094,4.5812,218.2839,4.5812,,,
GRU,int8,1,0.000715,0.004414,0.000702,0.000616,0.000653,0.000818,0.000641,0.000798,0.000626,0.000417,0.001027,0.000478,0.000684,0.000865,0.000754,4.5952,4.5665,218.9883,4.5665,,,
GRU,fp16,32,0.001792,0.00507,0.001781,0.001893,0.002039,0.002122,0.001734,0.001787,0.001819,0.000902,0.001533,0.001816,0.00207,0.001807,0.001671,5.4573,5.408,5917.155,0.169,,,
GRU,fp32,32,0.000715,0.004422,0.000702,0.000617,0.00065,0.00082,0.000643,0.000796,0.000629,0.000415,0.001029,0.000477,0.000683,0.000864,0.000755,6.7612,6.7407,4747.2762,0.2106,,,
GRU,int8,32,0.001792,0.00507,0.001781,0.001893,0.002039,0.002122,0.001734,0.001787,0.001819,0.000902,0.001533,0.001816,0.00207,0.001807,0.001671,5.4346,5.3909,5935.9331,0.1685,,,
LSTM,fp16,1,0.00207,0.015847,0.002238,0.001751,0.001317,0.002265,0.001571,0.002174,0.00188,0.003756,0.002762,0.000953,0.001452,0.001999,0.001141,4.3754,4.3564,229.5483,4.3564,,,
LSTM,fp32,1,0.00208,0.015864,0.002263,0.001771,0.001324,0.002291,0.001588,0.002166,0.00188,0.003786,0.002745,0.000956,0.001467,0.002016,0.001121,4.604,4.567,218.9627,4.567,,,
LSTM,int8,1,0.00207,0.015847,0.002238,0.001751,0.001317,0.002265,0.001571,0.002174,0.00188,0.003756,0.002762,0.000953,0.001452,0.001999,0.001141,4.37,4.3511,229.8258,4.3511,,,
LSTM,fp16,32,0.001979,0.015683,0.001992,0.001625,0.001324,0.002042,0.001442,0.002184,0.001928,0.003358,0.002808,0.001021,0.001361,0.001871,0.001512,5.6383,5.6142,5699.8787,0.1754,,,
LSTM,fp32,32,0.00206,0.015841,0.002227,0.001738,0.001321,0.002247,0.00156,0.002165,0.001865,0.003731,0.002745,0.000967,0.001448,0.001995,0.001153,6.1291,5.9244,5401.3652,0.1851,,,
LSTM,int8,32,0.001979,0.015683,0.001992,0.001625,0.001324,0.002042,0.001442,0.002184,0.001928,0.003358,0.002808,0.001021,0.001361,0.001871,0.001512,5.621,5.5977,5716.6452,0.1749,,,
TCN,fp16,1,0.006295,0.03631,0.005373,0.006401,0.005264,0.00423,0.006573,0.007208,0.007298,0.005447,0.009121,0.006112,0.004506,0.005799,0.00687,0.1882,0.1736,5761.7337,0.1736,,,
TCN,fp32,1,0.006259,0.037602,0.005262,0.006283,0.005269,0.004099,0.006493,0.0072,0.007186,0.00605,0.008987,0.00607,0.004448,0.005772,0.006674,0.1978,0.1853,5395.9715,0.1853,,,
TCN,int8,1,0.006611,0.026845,0.006381,0.006921,0.005189,0.006539,0.006661,0.006117,0.00708,0.005023,0.00905,0.005893,0.005079,0.00683,0.007983,0.1884,0.1663,6014.3799,0.1663,,,
TCN,fp16,32,0.006297,0.036307,0.005375,0.006401,0.005266,0.00423,0.006574,0.007212,0.007304,0.005443,0.009123,0.006115,0.004507,0.005799,0.00687,0.2958,0.2886,110863.1806,0.009,,,
TCN,fp32,32,0.006259,0.037579,0.005265,0.006284,0.005269,0.0041,0.006498,0.007203,0.007186,0.00604,0.008987,0.006071,0.004448,0.005775,0.006677,0.3478,0.3536,90500.5899,0.011,,,
TCN,int8,32,0.006297,0.036296,0.005371,0.0064,0.005264,0.00423,0.006573,0.007213,0.007303,0.005442,0.009124,0.006115,0.004507,0.005802,0.006869,0.28,0.2844,112530.9378,0.0089,,,
